,obama,to,the,in,on,for,of,president,a,and,is,with,trump,us,at,says,barack,as,visit,clinton,court,will,house,administration,gun,white,his,new,not,supreme,over,after,about,from,state,he,michelle,be,gop,isis,by,climate,calls,has,plan,cuba,against,it,hillary,what,more,up,first,are,that,why,out,donald,meet,how,fight,no,control,sanders,syria,bill,congress,deal,year,this,campaign,speech,legacy,iran,world,2016,an,who,hiroshima,trip,have,but,leaders,immigration,change,america,republicans,was,just,make,terror,address,islamic,trade,policy,senate,union,final,war,orlando
obama,0,8882,3531,3821,3840,3526,3344,2587,1963,1905,1765,1735,1476,1392,1329,1271,1204,983,995,907,917,876,823,842,812,777,784,767,746,740,686,689,653,630,650,613,619,587,576,569,514,537,512,502,485,500,476,466,439,448,459,441,424,402,397,389,381,355,369,357,367,350,369,337,347,332,343,338,332,313,325,328,325,311,307,305,299,290,308,306,296,292,296,293,290,288,254,270,275,289,277,287,286,280,275,262,274,277,269,271
to,8882,0,910,1152,1171,915,797,749,479,424,408,471,301,592,363,308,287,242,603,270,408,177,361,311,249,307,243,238,251,315,97,177,179,193,234,154,164,226,218,178,117,186,182,120,256,256,109,160,114,118,160,197,174,81,88,92,113,77,272,122,221,82,97,103,133,181,188,112,104,97,124,108,58,103,83,89,59,98,176,171,90,78,144,78,106,67,103,46,59,216,85,176,117,91,46,134,91,78,88,90
the,3531,910,0,507,540,368,953,488,313,426,448,175,217,119,222,118,240,105,52,99,83,132,162,133,62,181,132,81,88,84,74,67,144,103,292,104,95,80,102,63,70,70,48,103,41,36,45,97,64,96,51,60,69,81,97,90,59,66,48,112,26,50,32,50,25,16,16,37,60,49,39,48,57,38,125,62,43,71,16,12,55,56,18,30,45,61,30,52,90,18,19,75,28,14,46,15,237,90,56,24
in,3821,1152,507,0,390,475,472,342,279,213,187,240,192,309,153,173,201,126,179,121,67,138,119,64,91,104,145,124,87,50,55,90,55,43,153,83,82,81,49,62,53,72,92,52,46,162,70,61,61,61,61,69,79,48,35,25,64,55,60,22,92,48,32,40,132,15,34,47,81,34,58,82,40,29,54,74,38,26,34,34,30,37,34,28,40,44,21,36,28,32,33,74,52,45,33,36,74,97,48,38
on,3840,1171,540,390,0,259,309,330,249,267,232,231,211,164,104,134,136,99,100,131,191,92,95,138,197,77,152,113,105,137,65,72,39,50,92,74,71,53,117,119,39,77,133,56,57,65,29,79,46,41,51,59,54,38,49,46,48,44,82,47,48,53,99,50,69,28,80,43,27,52,49,40,54,61,43,41,49,29,30,71,43,32,55,81,53,25,36,22,36,31,64,52,70,55,41,54,23,34,72,50
for,3526,915,368,475,259,0,336,321,313,183,188,125,213,174,137,148,117,100,146,148,120,80,80,67,144,77,102,111,105,95,34,83,34,68,91,84,72,61,101,43,51,62,211,60,41,59,29,60,79,67,80,64,75,33,37,37,55,59,10,27,37,54,56,38,31,20,64,52,32,29,58,41,28,33,33,40,29,44,37,25,14,22,35,11,50,23,50,24,20,34,12,18,24,42,19,46,39,42,25,39
of,3344,797,953,472,309,336,0,331,374,234,215,169,181,230,151,144,160,135,128,70,63,105,73,83,106,60,161,75,72,52,51,61,48,54,313,65,45,62,73,70,76,84,82,56,28,51,39,37,36,57,32,38,52,49,39,32,93,62,43,30,12,52,49,37,35,42,32,43,70,40,56,60,56,31,51,57,73,27,30,23,20,15,21,17,38,39,26,43,35,38,71,80,17,34,26,10,256,104,47,57
president,2587,749,488,342,330,321,331,0,227,186,203,203,119,134,132,97,175,81,137,71,34,119,68,15,43,77,124,48,89,40,35,69,69,75,43,65,31,83,20,42,50,25,60,69,30,51,29,44,65,70,39,27,76,35,31,48,64,67,41,41,16,35,16,33,5,23,23,16,33,47,7,28,37,7,15,39,35,31,38,21,18,12,11,11,13,31,12,41,33,19,20,45,9,10,9,4,25,32,13,30
a,1963,479,313,279,249,313,374,227,0,196,354,121,168,94,106,92,127,89,79,60,59,56,43,34,43,36,75,83,143,55,36,49,56,57,38,65,70,71,42,40,39,32,40,101,31,26,20,64,36,28,24,24,44,23,63,50,30,46,11,43,14,34,21,28,16,17,8,30,35,48,16,33,38,17,34,25,22,38,16,19,49,42,3,10,19,34,25,46,48,49,10,10,9,11,28,10,15,13,22,9
and,1905,424,426,213,267,183,234,186,196,0,111,92,148,85,106,50,168,35,34,125,12,46,48,22,32,56,46,46,35,11,54,23,60,48,40,28,129,40,31,60,27,32,23,26,20,32,21,58,75,44,39,40,43,83,31,27,24,46,34,39,24,10,16,50,35,20,23,17,20,14,21,10,27,24,14,25,35,10,16,14,47,15,16,9,24,26,17,20,19,10,29,4,15,25,28,15,17,13,15,20
is,1765,408,448,187,232,188,215,203,354,111,0,82,188,81,66,174,120,54,25,81,30,17,29,47,35,29,68,45,146,30,41,39,66,21,26,67,47,28,46,62,30,29,13,13,27,18,44,70,54,62,40,22,14,15,90,121,30,56,4,40,21,51,15,51,29,11,13,16,20,114,15,17,24,25,20,10,41,30,8,7,11,58,7,13,15,47,9,11,21,10,7,3,14,11,22,5,10,6,33,8
with,1735,471,175,240,231,125,169,203,121,92,82,0,84,105,93,43,98,33,60,100,52,44,77,35,44,75,52,58,33,33,35,38,40,21,39,34,59,16,51,40,18,30,17,22,17,54,18,17,34,21,22,37,46,20,15,22,24,11,122,13,44,23,26,44,14,9,17,28,18,13,27,20,24,29,14,16,16,21,23,30,8,13,80,5,9,14,22,13,10,27,15,3,20,31,8,15,5,14,13,18
trump,1476,301,217,192,211,213,181,119,168,148,188,84,0,30,107,129,78,78,10,123,14,48,14,6,13,16,41,16,113,14,42,38,73,18,15,52,14,68,73,25,52,15,28,25,26,2,42,27,41,19,18,26,7,30,39,19,27,387,2,25,4,15,5,20,1,7,1,8,4,32,42,38,12,7,43,17,15,14,5,6,26,22,26,10,6,21,20,21,23,15,6,7,4,15,25,2,14,14,6,18
us,1392,592,119,309,164,174,230,134,94,85,81,105,30,0,48,166,90,73,130,11,40,85,13,20,22,10,28,42,37,27,37,57,24,36,43,27,8,44,4,51,31,21,17,28,32,51,60,16,5,21,28,36,82,14,23,15,16,10,27,18,27,30,8,1,47,11,14,31,15,13,17,15,5,20,10,7,10,5,29,24,22,23,17,10,18,15,6,5,7,47,20,18,39,26,13,10,6,7,17,1
at,1329,363,222,153,104,137,151,132,106,106,66,93,107,48,0,43,63,22,19,36,51,28,186,35,34,198,40,14,27,35,40,20,22,18,61,28,55,24,35,18,16,38,14,15,9,1,13,22,21,21,16,11,18,12,17,14,46,23,66,6,17,4,15,26,13,11,5,8,9,15,14,38,15,3,10,14,9,10,18,0,11,19,26,17,11,8,8,13,9,9,3,10,6,14,8,6,25,24,14,4
says,1271,308,118,173,134,148,144,97,92,50,174,43,129,166,43,0,59,35,37,36,48,77,31,10,29,33,44,19,76,32,34,38,26,43,25,152,12,93,51,37,22,33,7,39,6,24,27,43,16,8,22,22,8,47,15,7,13,44,8,0,14,53,10,19,42,11,12,40,17,16,19,10,1,16,56,12,20,11,8,8,22,20,17,7,31,15,8,36,5,11,32,1,19,14,11,12,6,6,12,26
barack,1204,287,240,201,136,117,160,175,127,168,120,98,78,90,63,59,0,45,35,49,2,61,36,4,24,38,42,22,45,1,31,28,29,30,19,34,60,34,6,23,29,14,11,31,10,14,14,18,48,30,11,17,22,17,21,23,13,64,21,12,11,17,10,17,14,8,3,4,17,19,11,9,12,3,22,14,16,20,12,8,17,11,11,0,9,14,4,26,7,12,10,11,4,5,8,3,8,8,3,6
as,983,242,105,126,99,100,135,81,89,35,54,33,78,73,22,35,45,0,43,49,36,20,14,12,22,17,48,36,22,26,14,8,7,9,22,49,18,19,27,22,9,24,23,10,16,16,10,36,14,13,23,23,25,11,7,4,31,8,21,2,16,3,7,14,19,3,12,20,29,10,12,7,24,18,13,8,23,10,5,6,7,7,14,18,5,12,17,4,7,5,18,3,15,9,4,6,4,8,9,10
visit,995,603,52,179,100,146,128,137,79,34,25,60,10,130,19,37,35,43,0,3,3,50,50,1,1,52,47,17,15,2,13,43,8,19,26,11,12,15,3,10,22,4,8,5,4,142,4,7,0,12,5,17,105,4,6,11,11,1,11,6,2,8,0,0,0,2,1,6,12,12,7,0,8,5,12,10,11,3,188,23,3,11,1,0,17,6,0,2,2,66,0,7,9,8,4,0,0,1,12,12
clinton,907,270,99,121,131,148,70,71,60,125,81,100,123,11,36,36,49,49,3,0,16,30,15,9,13,16,18,8,39,15,25,16,21,39,7,21,7,35,18,23,12,1,10,11,10,0,13,18,307,6,6,35,20,23,14,14,9,27,3,18,8,13,4,104,4,41,3,4,3,12,82,2,26,3,2,10,12,12,0,0,7,15,3,4,3,1,4,12,13,6,7,0,2,7,15,1,1,5,2,3
court,917,408,83,67,191,120,63,34,59,12,30,52,14,40,51,48,2,36,3,16,0,27,17,28,3,22,29,11,19,707,46,3,12,9,0,15,1,8,84,1,9,26,8,11,73,0,13,3,5,10,3,9,3,5,3,7,4,0,15,9,42,22,1,0,0,0,2,0,4,11,5,4,10,0,0,1,8,10,0,0,7,4,19,130,12,1,30,0,7,11,0,0,0,2,2,47,0,3,5,0
will,876,177,132,138,92,80,105,119,56,46,17,44,48,85,28,77,61,20,50,30,27,0,24,16,26,24,48,31,103,22,7,30,11,12,39,40,18,175,11,31,10,16,1,7,13,30,17,27,21,32,15,15,22,4,18,15,13,8,18,20,18,11,10,10,14,9,8,9,5,12,21,11,25,10,6,13,8,14,14,12,10,15,5,5,7,10,10,6,6,28,9,15,29,5,5,11,12,11,4,4
house,823,361,162,119,95,80,73,68,43,48,29,77,14,13,186,31,36,14,50,15,17,24,0,6,12,721,14,12,15,17,12,18,13,22,7,8,36,10,16,7,14,11,5,9,13,11,9,6,6,6,3,8,17,2,16,5,19,4,62,3,6,6,7,24,8,42,4,12,5,7,2,5,2,7,1,7,4,7,8,11,6,11,21,5,7,0,16,10,7,9,4,1,2,5,4,13,2,29,1,3
administration,842,311,133,64,138,67,83,15,34,22,47,35,6,20,35,10,4,12,1,9,28,16,6,0,3,3,2,77,14,10,45,10,18,13,4,0,0,3,3,7,11,4,6,13,29,20,6,10,3,4,28,12,2,3,13,6,7,0,3,11,11,4,5,4,10,5,9,7,2,2,5,1,1,37,0,2,5,1,0,1,4,3,2,19,2,2,4,2,7,5,2,1,2,1,10,3,0,3,6,4
gun,812,249,62,91,197,144,106,43,43,32,35,44,13,22,34,29,24,22,1,13,3,26,12,3,0,10,16,65,16,1,25,50,18,6,4,17,0,10,14,1,10,0,39,12,26,0,5,12,11,14,18,12,2,12,3,16,7,3,6,5,14,11,352,4,0,4,29,0,5,6,16,15,1,0,0,20,5,8,0,0,15,5,0,0,2,8,8,7,9,6,3,6,1,1,6,8,3,2,2,15
white,777,307,181,104,77,77,60,77,36,56,29,75,16,10,198,33,38,17,52,16,22,24,721,3,10,0,16,8,16,19,13,21,13,21,7,9,38,12,3,5,11,7,5,10,10,9,6,5,7,8,3,7,13,2,12,5,19,6,66,3,3,6,7,26,8,17,1,4,6,7,2,3,2,2,2,5,7,5,9,9,8,14,23,1,6,1,4,16,7,10,3,1,3,5,2,4,2,29,0,4
his,784,243,132,145,152,102,161,124,75,46,68,52,41,28,40,44,42,48,47,18,29,48,14,2,16,16,0,11,17,31,10,18,31,13,37,32,3,16,7,15,19,8,7,26,13,14,11,17,13,19,13,14,34,9,15,12,30,15,5,25,3,8,6,7,7,1,7,5,11,3,21,8,40,3,5,12,14,8,4,9,8,20,0,11,4,7,3,16,17,22,2,14,3,6,13,2,32,43,9,2
new,767,238,81,124,113,111,75,48,83,46,45,58,16,42,14,19,22,36,17,8,11,31,12,77,65,8,11,0,21,7,13,16,10,16,6,7,20,19,11,23,16,6,13,11,31,22,17,6,5,8,7,5,5,11,4,4,6,3,3,10,20,8,23,1,9,4,7,5,19,8,10,5,2,9,7,2,5,6,0,1,1,6,2,6,1,8,6,4,3,4,11,8,3,8,6,10,1,1,9,1
not,746,251,88,87,105,105,72,89,143,35,146,33,113,37,27,76,45,22,15,39,19,103,15,14,16,16,17,21,0,13,9,8,16,11,18,32,9,73,21,30,19,3,7,9,4,7,17,38,11,9,4,6,3,22,18,12,8,25,5,4,9,24,5,18,15,6,4,1,8,41,12,7,5,4,7,5,20,8,9,7,12,42,5,4,6,14,5,19,6,6,10,1,18,6,6,3,3,2,7,11
supreme,740,315,84,50,137,95,52,40,55,11,30,33,14,27,35,32,1,26,2,15,707,22,17,10,1,19,31,7,13,0,31,3,12,8,0,12,1,10,46,0,8,19,8,10,50,0,10,4,6,10,1,8,2,4,3,9,5,0,4,8,18,7,1,2,0,0,0,0,4,11,4,4,3,0,0,0,8,9,0,0,7,4,6,105,10,1,31,0,7,6,0,0,0,2,2,42,0,1,1,0
over,686,97,74,55,65,34,51,35,36,54,41,35,42,37,40,34,31,14,13,25,46,7,12,45,25,13,10,13,9,31,0,6,8,5,6,7,11,2,32,15,18,26,13,6,14,8,24,5,11,3,4,4,4,18,8,15,14,8,11,4,30,17,15,11,12,5,15,11,6,1,5,2,7,30,0,10,5,12,4,2,6,4,4,29,10,4,20,1,1,0,14,7,2,4,11,6,0,3,18,4
after,689,177,67,90,72,83,61,69,49,23,39,38,38,57,20,38,28,8,43,16,3,30,18,10,50,21,18,16,8,3,6,0,9,8,7,29,7,13,10,13,9,6,38,14,7,24,15,8,8,10,5,13,10,3,6,5,17,9,5,3,3,4,26,18,7,2,5,12,16,5,2,13,5,3,5,4,9,3,6,8,3,6,0,2,9,7,5,4,4,6,8,13,5,7,4,3,2,3,4,20
about,653,179,144,55,39,34,48,69,56,60,66,40,73,24,22,26,29,7,8,21,12,11,13,18,18,13,31,10,16,12,8,9,0,6,19,26,20,11,17,15,17,12,3,26,7,9,5,20,14,75,8,9,3,11,13,16,5,24,11,11,0,11,3,9,10,3,5,6,8,17,2,7,3,9,11,7,14,9,1,5,7,8,9,2,7,6,5,14,18,5,10,7,11,5,10,1,5,0,6,8
from,630,193,103,43,50,68,54,75,57,48,21,21,18,36,18,43,30,9,19,39,9,12,22,13,6,21,13,16,11,8,5,8,6,0,14,42,18,5,18,20,6,6,5,10,11,5,1,9,14,23,12,12,8,11,8,6,7,7,2,18,7,12,2,12,20,10,10,9,7,9,1,5,2,14,14,12,10,5,8,6,6,5,4,8,9,9,3,7,8,0,7,5,5,5,12,5,5,5,11,8
state,650,234,292,153,92,91,313,43,38,40,26,39,15,43,61,25,19,22,26,7,0,39,7,4,4,7,37,6,18,0,6,7,19,14,0,7,17,19,10,5,9,5,12,9,5,1,41,8,7,11,7,17,10,12,4,4,6,6,15,8,32,5,1,1,21,2,6,1,3,5,13,24,4,3,4,22,4,1,0,1,5,1,10,0,2,12,4,4,4,8,4,72,245,0,3,2,256,81,9,0
he,613,154,104,83,74,84,65,65,65,28,67,34,52,27,28,152,34,49,11,21,15,40,8,0,17,9,32,7,32,12,7,29,26,42,7,0,11,19,9,9,10,6,7,26,5,7,4,15,5,36,14,20,12,4,25,35,13,18,7,10,4,5,8,7,16,0,4,6,11,7,4,4,8,1,7,11,5,13,8,1,5,16,4,6,9,12,6,25,11,3,6,1,3,6,4,1,4,5,4,2
michelle,619,164,95,82,71,72,45,31,70,129,47,59,14,8,55,12,60,18,12,7,1,18,36,0,0,38,3,20,9,1,11,7,20,18,17,11,0,17,3,0,11,0,5,12,0,0,2,11,10,12,9,18,73,14,12,12,15,6,7,17,4,6,0,1,0,1,1,1,9,11,8,12,5,0,6,8,7,8,0,8,6,5,1,1,0,4,0,8,9,4,1,6,0,0,0,0,9,6,1,0
be,587,226,80,81,53,61,62,83,71,40,28,16,68,44,24,93,34,19,15,35,8,175,10,3,10,12,16,19,73,10,2,13,11,5,19,19,17,0,3,13,16,23,4,9,3,6,6,23,17,15,11,6,5,3,15,10,7,23,4,3,4,4,6,5,16,1,0,22,5,10,4,11,23,3,6,14,4,9,5,0,8,19,3,2,7,11,6,3,8,1,6,2,12,6,3,7,5,13,4,4
gop,576,218,102,49,117,101,73,20,42,31,46,51,73,4,35,51,6,27,3,18,84,11,16,3,14,3,7,11,21,46,32,10,17,18,10,9,3,3,0,13,20,26,12,8,15,3,14,3,5,6,8,10,4,5,12,2,10,19,21,9,17,21,7,5,7,9,6,2,4,6,12,5,1,8,1,5,4,6,0,1,2,5,34,5,4,5,6,1,6,4,2,3,2,2,2,28,5,3,4,0
isis,569,178,63,62,119,43,70,42,40,60,62,40,25,51,18,37,23,22,10,23,1,31,7,7,1,5,15,23,30,0,15,13,15,20,5,9,0,13,13,0,13,3,14,10,15,0,67,11,16,8,12,27,2,15,16,15,5,9,9,9,55,11,1,0,11,2,6,0,4,2,3,10,1,1,10,3,12,0,0,0,6,8,15,1,3,3,5,2,8,1,9,6,2,0,6,0,1,3,27,9
by,514,117,70,53,39,51,76,50,39,27,30,18,52,31,16,22,29,9,22,12,9,10,14,11,10,11,19,16,19,8,18,9,17,6,9,10,11,16,20,13,0,21,2,2,13,5,4,2,9,13,9,4,6,9,6,4,10,13,5,7,5,9,7,10,1,2,7,9,5,6,21,4,5,9,19,6,2,4,9,4,3,13,19,6,6,8,14,16,10,1,5,4,4,6,6,1,3,6,11,7
climate,537,186,70,72,77,62,84,25,32,32,29,30,15,21,38,33,14,24,4,1,26,16,11,4,0,7,8,6,3,19,26,6,12,6,5,6,0,23,26,3,21,0,17,5,13,0,9,5,0,7,3,4,1,5,3,5,4,2,24,8,22,4,0,0,3,2,11,72,4,0,0,6,25,1,19,5,13,3,0,1,5,3,11,0,190,1,8,2,2,4,7,1,0,7,2,1,3,4,1,0
calls,512,182,48,92,133,211,82,60,40,23,13,17,28,17,14,7,11,23,8,10,8,1,5,6,39,5,7,13,7,8,13,38,3,5,12,7,5,4,12,14,2,17,0,0,3,10,7,1,3,2,11,1,5,0,1,2,28,7,3,1,12,3,15,4,9,1,6,6,1,0,9,2,1,3,12,4,20,2,9,1,0,4,6,2,12,4,4,2,0,1,16,4,10,2,1,4,4,3,3,12
has,502,120,103,52,56,60,56,69,101,26,13,22,25,28,15,39,31,10,5,11,11,7,9,13,12,10,26,11,9,10,6,14,26,10,9,26,12,9,8,10,2,5,0,0,11,5,7,17,4,15,22,8,7,5,15,12,6,9,3,14,6,27,5,14,6,2,4,3,3,11,4,2,5,5,10,2,12,12,1,0,2,8,3,1,3,20,3,2,12,4,5,2,2,2,7,0,4,1,11,3
plan,485,256,41,46,57,41,28,30,31,20,27,17,26,32,9,6,10,16,4,10,73,13,13,29,26,10,13,31,4,50,14,7,7,11,5,5,0,3,15,15,13,13,3,11,0,3,4,6,3,8,6,7,1,2,4,6,5,4,2,5,5,4,17,3,5,1,26,0,1,5,0,1,1,3,1,4,4,2,1,2,9,0,2,63,2,3,7,1,6,6,2,0,3,0,0,3,1,9,0,0
cuba,500,256,36,162,65,59,51,51,26,32,18,54,2,51,1,24,14,16,142,0,0,30,11,20,0,9,14,22,7,0,8,24,9,5,1,7,0,6,3,0,5,0,10,5,3,0,2,13,1,7,9,5,6,2,2,6,11,1,15,0,0,3,0,0,0,0,3,4,5,3,0,4,2,5,0,7,9,3,0,114,4,18,0,0,16,5,0,3,1,14,0,3,0,7,9,0,0,0,4,0
against,476,109,45,70,29,29,39,29,20,21,44,18,42,60,13,27,14,10,4,13,13,17,9,6,5,6,11,17,17,10,24,15,5,1,41,4,2,6,14,67,4,9,7,7,4,2,0,6,6,6,11,23,5,6,1,7,8,8,0,1,50,10,1,4,14,2,5,1,4,2,15,0,1,1,1,2,7,1,0,1,2,4,2,9,4,4,2,1,7,8,18,3,41,4,4,4,2,2,18,0
it,466,160,97,61,79,60,37,44,64,58,70,17,27,16,22,43,18,36,7,18,3,27,6,10,12,5,17,6,38,4,5,8,20,9,8,15,11,23,3,11,2,5,1,17,6,13,6,0,10,18,6,15,2,7,19,8,13,2,1,9,4,19,4,7,7,3,3,1,7,13,2,6,4,0,8,2,7,8,1,0,9,35,2,2,4,6,5,35,18,20,2,2,8,0,4,2,6,7,8,4
hillary,439,114,64,61,46,79,36,65,36,75,54,34,41,5,21,16,48,14,0,307,5,21,6,3,11,7,13,5,11,6,11,8,14,14,7,5,10,17,5,16,9,0,3,4,3,1,6,10,0,6,6,15,2,11,8,14,8,27,0,15,3,3,4,14,0,13,3,2,2,5,19,1,13,0,1,4,6,6,0,0,5,12,1,1,1,1,1,10,8,2,4,0,2,2,3,1,0,5,0,2
what,448,118,96,61,41,67,57,70,28,44,62,21,19,21,21,8,30,13,12,6,10,32,6,4,14,8,19,8,9,10,3,10,75,23,11,36,12,15,6,8,13,7,2,15,8,7,6,18,6,0,4,2,8,12,7,4,7,5,4,1,2,7,11,6,2,2,7,1,11,16,2,3,14,4,5,3,7,5,10,2,16,7,2,3,3,9,3,7,12,4,3,4,1,0,2,0,9,7,1,3
more,459,160,51,61,51,80,32,39,24,39,40,22,18,28,16,22,11,23,5,6,3,15,3,28,18,3,13,7,4,1,4,5,8,12,7,14,9,11,8,12,9,3,11,22,6,9,11,6,6,4,0,8,3,9,5,13,3,5,2,2,17,3,7,5,29,2,5,0,7,2,3,1,1,1,3,7,3,4,5,4,7,17,7,2,2,4,7,6,4,9,9,0,5,0,4,1,2,5,0,3
up,441,197,60,69,59,64,38,27,24,40,22,37,26,36,11,22,17,23,17,35,9,15,8,12,12,7,14,5,6,8,4,13,9,12,17,20,18,6,10,27,4,4,1,8,7,5,23,15,15,2,8,0,4,4,10,9,5,7,3,7,29,2,6,6,15,1,3,7,5,4,14,5,5,7,13,12,7,3,1,10,10,4,4,5,1,1,6,5,8,3,5,1,10,4,6,5,3,8,7,0
first,424,174,69,79,54,75,52,76,44,43,14,46,7,82,18,8,22,25,105,20,3,22,17,2,2,13,34,5,3,2,4,10,3,8,10,12,73,5,4,2,6,1,5,7,1,6,5,2,2,8,3,4,0,3,0,3,2,0,7,3,1,3,5,1,1,2,3,3,1,3,14,2,4,0,2,9,2,1,25,5,2,3,3,0,1,2,1,4,1,48,0,4,0,0,0,1,3,3,2,0
are,402,81,81,48,38,33,49,35,23,83,15,20,30,14,12,47,17,11,4,23,5,4,2,3,12,2,9,11,22,4,18,3,11,11,12,4,14,3,5,15,9,5,0,5,2,2,6,7,11,12,9,4,3,0,10,23,7,10,0,12,2,9,7,6,9,2,2,4,1,8,1,1,0,0,7,1,5,19,0,1,2,14,11,5,2,4,20,2,5,1,0,0,9,1,5,0,3,2,3,9
that,397,88,97,35,49,37,39,31,63,31,90,15,39,23,17,15,21,7,6,14,3,18,16,13,3,12,15,4,18,3,8,6,13,8,4,25,12,15,12,16,6,3,1,15,4,2,1,19,8,7,5,10,0,10,0,5,8,16,2,7,3,15,0,17,9,13,3,7,4,12,3,6,3,3,5,4,5,2,1,0,12,12,0,1,0,8,6,14,15,2,1,2,0,6,2,4,1,0,14,7
why,389,92,90,25,46,37,32,48,50,27,121,22,19,15,14,7,23,4,11,14,7,15,5,6,16,5,12,4,12,9,15,5,16,6,4,35,12,10,2,15,4,5,2,12,6,6,7,8,14,4,13,9,3,23,5,0,8,8,0,1,1,2,8,7,4,1,4,6,4,12,2,3,2,4,0,1,9,4,13,3,5,3,1,2,2,2,7,16,3,0,2,2,5,5,2,2,1,2,3,4
out,381,113,59,64,48,55,93,64,30,24,30,24,27,16,46,13,13,31,11,9,4,13,19,7,7,19,30,6,8,5,14,17,5,7,6,13,15,7,10,5,10,4,28,6,5,11,8,13,8,7,3,5,2,7,8,8,0,4,2,8,0,4,4,6,8,1,0,2,1,6,3,9,2,4,2,3,4,7,0,0,0,2,3,1,3,5,5,4,5,0,3,2,3,2,1,3,2,11,1,0
donald,355,77,66,55,44,59,62,67,46,46,56,11,387,10,23,44,64,8,1,27,0,8,4,0,3,6,15,3,25,0,8,9,24,7,6,18,6,23,19,9,13,2,7,9,4,1,8,2,27,5,5,7,0,10,16,8,4,0,0,4,1,2,1,7,0,3,0,1,2,5,12,7,0,0,8,5,5,6,1,1,12,6,7,0,1,5,7,8,12,0,1,1,2,1,1,0,5,4,0,8
meet,369,272,48,60,82,10,43,41,11,34,4,122,2,27,66,8,21,21,11,3,15,18,62,3,6,66,5,3,5,4,11,5,11,2,15,7,7,4,21,9,5,24,3,3,2,15,0,1,0,4,2,3,7,0,2,0,2,0,0,2,11,0,0,19,0,0,5,0,9,2,9,0,0,1,8,1,2,15,1,6,0,4,47,0,6,1,4,0,0,0,3,6,9,2,0,4,4,2,1,4
how,357,122,112,22,47,27,30,41,43,39,40,13,25,18,6,0,12,2,6,18,9,20,3,11,5,3,25,10,4,8,4,3,11,18,8,10,17,3,9,9,7,8,1,14,5,0,1,9,15,1,2,7,3,12,7,1,8,4,2,0,6,10,2,2,1,1,3,2,3,9,5,4,2,6,9,3,4,4,0,2,5,6,1,5,6,7,6,4,6,3,5,2,3,2,6,2,6,1,7,1
fight,367,221,26,92,48,37,12,16,14,24,21,44,4,27,17,14,11,16,2,8,42,18,6,11,14,3,3,20,9,18,30,3,0,7,32,4,4,4,17,55,5,22,12,6,5,0,50,4,3,2,17,29,1,2,3,1,0,1,11,6,0,4,11,8,8,2,9,3,5,2,0,2,9,2,5,8,2,1,0,0,2,3,13,6,13,1,6,0,1,3,13,1,32,1,1,2,0,4,7,0
no,350,82,50,48,53,54,52,35,34,10,51,23,15,30,4,53,17,3,8,13,22,11,6,4,11,6,8,8,24,7,17,4,11,12,5,5,6,4,21,11,9,4,3,27,4,3,10,19,3,7,3,2,3,9,15,2,4,2,0,10,4,0,3,10,7,5,1,4,4,10,0,2,1,4,4,0,2,3,3,1,10,15,1,4,3,6,4,12,1,7,21,2,2,1,6,5,3,2,3,14
control,369,97,32,32,99,56,49,16,21,16,15,26,5,8,15,10,10,7,0,4,1,10,7,5,352,7,6,23,5,1,15,26,3,2,1,8,0,6,7,1,7,0,15,5,17,0,1,4,4,11,7,6,5,7,0,8,4,1,0,2,11,3,0,3,0,2,24,0,4,2,6,6,2,0,0,15,4,2,0,0,12,1,0,0,1,1,6,0,6,4,1,2,1,0,0,3,0,2,0,10
sanders,337,103,50,40,50,38,37,33,28,50,51,44,20,1,26,19,17,14,0,104,0,10,24,4,4,26,7,1,18,2,11,18,9,12,1,7,1,5,5,0,10,0,4,14,3,0,4,7,14,6,5,6,1,6,17,7,6,7,19,2,8,10,3,0,0,6,1,3,0,1,16,0,7,1,0,8,3,0,0,0,7,14,0,6,0,0,0,4,3,1,0,0,0,4,3,1,0,2,0,0
syria,347,133,25,132,69,31,35,5,16,35,29,14,1,47,13,42,14,19,0,4,0,14,8,10,0,8,7,9,15,0,12,7,10,20,21,16,0,16,7,11,1,3,9,6,5,0,14,7,0,2,29,15,1,9,9,4,8,0,0,1,8,7,0,0,0,0,0,3,2,1,8,0,1,3,2,1,4,3,0,0,2,5,1,0,2,0,1,1,3,4,2,0,14,0,20,0,0,0,9,0
bill,332,181,16,15,28,20,42,23,17,20,11,9,7,11,11,11,8,3,2,41,0,9,42,5,4,17,1,4,6,0,5,2,3,10,2,0,1,1,9,2,2,2,1,2,1,0,2,3,13,2,2,1,2,2,13,1,1,3,0,1,2,5,2,6,0,0,20,2,3,2,1,2,5,6,2,0,0,2,0,0,0,3,1,1,2,0,2,1,4,3,1,2,0,20,3,24,0,0,1,0
congress,343,188,16,34,80,64,32,23,8,23,13,17,1,14,5,12,3,12,1,3,2,8,4,9,29,1,7,7,4,0,15,5,5,10,6,4,1,0,6,6,7,11,6,4,26,3,5,3,3,7,5,3,3,2,3,4,0,0,5,3,9,1,24,1,0,20,0,14,4,2,1,0,0,10,0,2,0,0,0,0,2,4,2,1,2,0,6,0,2,0,1,6,2,5,3,1,6,4,1,1
deal,338,112,37,47,43,52,43,16,30,17,16,28,8,31,8,40,4,20,6,4,0,9,12,7,0,4,5,5,1,0,11,12,6,9,1,6,1,22,2,0,9,72,6,3,0,4,1,1,2,1,0,7,3,4,7,6,2,1,0,2,3,4,0,3,3,2,14,0,3,3,0,1,5,87,5,3,3,0,0,0,3,3,1,0,22,4,3,2,0,3,2,0,0,91,0,8,0,1,0,0
year,332,104,60,81,27,32,70,33,35,20,20,18,4,15,9,17,17,29,12,3,4,5,5,2,5,6,11,19,8,4,6,16,8,7,3,11,9,5,4,4,5,4,1,3,1,5,4,7,2,11,7,5,1,1,4,4,1,2,9,3,5,4,4,0,2,3,4,3,0,27,2,0,2,1,2,1,3,10,0,1,2,2,4,2,5,2,2,6,3,0,4,1,0,4,3,3,3,55,2,0
this,313,97,49,34,52,29,40,47,48,14,114,13,32,13,15,16,19,10,12,12,11,12,7,2,6,7,3,8,41,11,1,5,17,9,5,7,11,10,6,2,6,0,0,11,5,3,2,13,5,16,2,4,3,8,12,12,6,5,2,9,2,10,2,1,1,2,2,3,27,0,2,7,1,1,2,3,10,5,5,1,5,6,1,1,0,2,2,13,10,5,4,1,2,1,2,2,1,2,1,0
campaign,325,124,39,58,49,58,56,7,16,21,15,27,42,17,14,19,11,12,7,82,5,21,2,5,16,2,21,10,12,4,5,2,2,1,13,4,8,4,12,3,21,0,9,4,0,0,15,2,19,2,3,14,14,1,3,2,3,12,9,5,0,0,6,16,8,1,1,0,2,2,0,1,3,1,3,23,2,2,0,0,2,0,6,0,0,0,4,0,9,5,0,1,10,5,1,1,2,7,0,1
speech,328,108,48,82,40,41,60,28,33,10,17,20,38,15,38,10,9,7,0,2,4,11,5,1,15,3,8,5,7,4,2,13,7,5,24,4,12,11,5,10,4,6,2,2,1,4,0,6,1,3,1,5,2,1,6,3,9,7,0,4,2,2,6,0,0,2,0,1,0,7,1,0,1,0,0,4,3,1,15,0,3,3,1,0,2,3,1,7,2,2,9,2,3,1,3,1,22,17,2,3
legacy,325,58,57,40,54,28,56,37,38,27,24,24,12,5,15,1,12,24,8,26,10,25,2,1,1,2,40,2,5,3,7,5,3,2,4,8,5,23,1,1,5,25,1,5,1,2,1,4,13,14,1,5,4,0,3,2,2,0,0,2,9,1,2,7,1,5,0,5,2,1,3,1,0,4,2,15,3,1,3,1,1,4,0,19,4,2,2,1,0,3,3,0,0,2,10,0,4,7,6,0
iran,311,103,38,29,61,33,31,7,17,24,25,29,7,20,3,16,3,18,5,3,0,10,7,37,0,2,3,9,4,0,30,3,9,14,3,1,0,3,8,1,9,1,3,5,3,5,1,0,0,4,1,7,0,0,3,4,4,0,1,6,2,4,0,1,3,6,10,87,1,1,1,0,4,0,4,4,0,0,0,0,3,4,0,0,1,1,5,4,5,2,1,0,3,0,7,3,0,0,2,0
world,307,83,125,54,43,33,51,15,34,14,20,14,43,10,10,56,22,13,12,2,0,6,1,0,0,2,5,7,7,0,0,5,11,14,4,7,6,6,1,10,19,19,12,10,1,0,1,8,1,5,3,13,2,7,5,0,2,8,8,9,5,4,0,0,2,2,0,5,2,2,3,0,2,4,0,2,3,1,15,0,1,1,61,0,18,0,1,1,3,1,14,1,4,0,2,0,0,2,11,0
2016,305,89,62,74,41,40,57,39,25,25,10,16,17,7,14,12,14,8,10,10,1,13,7,2,20,5,12,2,5,0,10,4,7,12,22,11,8,14,5,3,6,5,4,2,4,7,2,2,4,3,7,12,9,1,4,1,3,5,1,3,8,0,15,8,1,0,2,3,1,3,23,4,15,4,2,0,1,0,1,4,2,1,1,1,2,2,4,0,6,3,1,14,0,2,2,2,19,3,4,0
an,299,59,43,38,49,29,73,35,22,35,41,16,15,10,9,20,16,23,11,12,8,8,4,5,5,7,14,5,20,8,5,9,14,10,4,5,7,4,4,12,2,13,20,12,4,9,7,7,6,7,3,7,2,5,5,9,4,5,2,4,2,2,4,3,4,0,0,3,3,10,2,3,3,0,3,1,0,6,3,3,3,3,1,5,2,2,2,7,9,6,21,3,2,1,7,7,1,1,5,19
who,290,98,71,26,29,44,27,31,38,10,30,21,14,5,10,11,20,10,3,12,10,14,7,1,8,5,8,6,8,9,12,3,9,5,1,13,8,9,6,0,4,3,2,12,2,3,1,8,6,5,4,3,1,19,2,4,7,6,15,4,1,3,2,0,3,2,0,0,10,5,2,1,1,0,1,0,6,0,3,3,6,3,1,1,1,1,4,17,9,2,3,1,1,0,2,2,0,1,2,0
hiroshima,308,176,16,34,30,37,30,38,16,16,8,23,5,29,18,8,12,5,188,0,0,14,8,0,0,9,4,0,9,0,4,6,1,8,0,8,0,5,0,0,9,0,9,1,1,0,0,1,0,10,5,1,25,0,1,13,0,1,1,0,0,3,0,0,0,0,0,0,0,5,0,15,3,0,15,1,3,3,0,32,2,7,1,0,1,0,1,1,1,27,0,0,0,0,0,0,0,0,8,0
trip,306,171,12,34,71,25,23,21,19,14,7,30,6,24,0,8,8,6,23,0,0,12,11,1,0,9,9,1,7,0,2,8,5,6,1,1,8,0,1,0,4,1,1,0,2,114,1,0,0,2,4,10,5,1,0,3,0,1,6,2,0,1,0,0,0,0,0,0,1,1,0,0,1,0,0,4,3,3,32,0,1,1,1,0,1,6,1,1,1,17,0,0,0,0,1,0,1,0,2,3
have,296,90,55,30,43,14,20,18,49,47,11,8,26,22,11,22,17,7,3,7,7,10,6,4,15,8,8,1,12,7,6,3,7,6,5,5,6,8,2,6,3,5,0,2,9,4,2,9,5,16,7,10,2,2,12,5,0,12,0,5,2,10,12,7,2,0,2,3,2,5,2,3,1,3,1,2,3,6,2,1,0,12,2,2,2,4,6,0,4,3,1,1,3,0,1,1,1,0,2,3
but,292,78,56,37,32,22,15,12,42,15,58,13,22,23,19,20,11,7,11,15,4,15,11,3,5,14,20,6,42,4,4,6,8,5,1,16,5,19,5,8,13,3,4,8,0,18,4,35,12,7,17,4,3,14,12,3,2,6,4,6,3,15,1,14,5,3,4,3,2,6,0,3,4,4,1,1,3,3,7,1,12,0,1,0,6,3,4,8,3,3,5,0,1,4,2,1,0,2,4,3
leaders,296,144,18,34,55,35,21,11,3,16,7,80,26,17,26,17,11,14,1,3,19,5,21,2,0,23,0,2,5,6,4,0,9,4,10,4,1,3,34,15,19,11,6,3,2,0,2,2,1,2,7,4,3,11,0,1,3,7,47,1,13,1,0,0,1,1,2,1,4,1,6,1,0,0,61,1,1,1,1,1,2,1,0,0,1,2,0,0,0,1,10,0,10,9,1,5,0,3,0,0
immigration,293,78,30,28,81,11,17,11,10,9,13,5,10,10,17,7,0,18,0,4,130,5,5,19,0,1,11,6,4,105,29,2,2,8,0,6,1,2,5,1,6,0,2,1,63,0,9,2,1,3,2,5,0,5,1,2,1,0,0,5,6,4,0,6,0,1,1,0,2,1,0,0,19,0,0,1,5,1,0,0,2,0,0,0,0,2,1,0,1,1,0,0,0,2,7,3,0,2,0,0
change,290,106,45,40,53,50,38,13,19,24,15,9,6,18,11,31,9,5,17,3,12,7,7,2,2,6,4,1,6,10,10,9,7,9,2,9,0,7,4,3,6,190,12,3,2,16,4,4,1,3,2,1,1,2,0,2,3,1,6,6,13,3,1,0,2,2,2,22,5,0,0,2,4,1,18,2,2,1,1,1,2,6,1,0,0,0,0,1,1,3,2,1,1,2,1,1,2,3,3,2
america,288,67,61,44,25,23,39,31,34,26,47,14,21,15,8,15,14,12,6,1,1,10,0,2,8,1,7,8,14,1,4,7,6,9,12,12,4,11,5,3,8,1,4,20,3,5,4,6,1,9,4,1,2,4,8,2,5,5,1,7,1,6,1,0,0,0,0,4,2,2,0,3,2,1,0,2,2,1,0,6,4,3,2,2,0,0,1,4,1,3,2,0,6,4,1,0,4,0,5,1
republicans,254,103,30,21,36,50,26,12,25,17,9,22,20,6,8,8,4,17,0,4,30,10,16,4,8,4,3,6,5,31,20,5,5,3,4,6,0,6,6,5,14,8,4,3,7,0,2,5,1,3,7,6,1,20,6,7,5,7,4,6,6,4,6,0,1,2,6,3,2,2,4,1,2,5,1,4,2,4,1,1,6,4,0,1,0,1,0,0,3,2,2,1,2,1,0,21,1,2,0,1
was,270,46,52,36,22,24,43,41,46,20,11,13,21,5,13,36,26,4,2,12,0,6,10,2,7,16,16,4,19,0,1,4,14,7,4,25,8,3,1,2,16,2,2,2,1,3,1,35,10,7,6,5,4,2,14,16,4,8,0,4,0,12,0,4,1,1,0,2,6,13,0,7,1,4,1,0,7,17,1,1,0,8,0,0,1,4,0,0,4,0,3,1,2,0,2,2,1,0,1,18
just,275,59,90,28,36,20,35,33,48,19,21,10,23,7,9,5,7,7,2,13,7,6,7,7,9,7,17,3,6,7,1,4,18,8,4,11,9,8,6,8,10,2,0,12,6,1,7,18,8,12,4,8,1,5,15,3,5,12,0,6,1,1,6,3,3,4,2,0,3,10,9,2,0,5,3,6,9,9,1,1,4,3,0,1,1,1,3,4,0,1,1,0,0,0,2,0,3,4,1,0
make,289,216,18,32,31,34,38,19,49,10,10,27,15,47,9,11,12,5,66,6,11,28,9,5,6,10,22,4,6,6,0,6,5,0,8,3,4,1,4,1,1,4,1,4,6,14,8,20,2,4,9,3,48,1,2,0,0,0,0,3,3,7,4,1,4,3,0,3,0,5,5,2,3,2,1,3,6,2,27,17,3,3,1,1,3,3,2,0,1,0,1,9,4,1,0,0,0,0,1,0
terror,277,85,19,33,64,12,71,20,10,29,7,15,6,20,3,32,10,18,0,7,0,9,4,2,3,3,2,11,10,0,14,8,10,7,4,6,1,6,2,9,5,7,16,5,2,0,18,2,4,3,9,5,0,0,1,2,3,1,3,5,13,21,1,0,2,1,1,2,4,4,0,9,3,1,14,1,21,3,0,0,1,5,10,0,2,2,2,3,1,1,0,9,7,0,2,1,1,0,9,26
address,287,176,75,74,52,18,80,45,10,4,3,3,7,18,10,1,11,3,7,0,0,15,1,1,6,1,14,8,1,0,7,13,7,5,72,1,6,2,3,6,4,1,4,2,0,3,3,2,0,4,0,1,4,0,2,2,2,1,6,2,1,2,2,0,0,2,6,0,1,1,1,2,0,0,1,14,3,1,0,0,1,0,0,0,1,0,1,1,0,9,9,0,9,0,0,0,64,25,3,2
islamic,286,117,28,52,70,24,17,9,9,15,14,20,4,39,6,19,4,15,9,2,0,29,2,2,1,3,3,3,18,0,2,5,11,5,245,3,0,12,2,2,4,0,10,2,3,0,41,8,2,1,5,10,0,9,0,5,3,2,9,3,32,2,1,0,14,0,2,0,0,2,10,3,0,3,4,0,2,1,0,0,3,1,10,0,1,6,2,2,0,4,7,9,0,0,2,1,0,0,8,1
trade,280,91,14,45,55,42,34,10,11,25,11,31,15,26,14,14,5,9,8,7,2,5,5,1,1,5,6,8,6,2,4,7,5,5,0,6,0,6,2,0,6,7,2,2,0,7,4,0,2,0,0,4,0,1,6,5,2,1,2,2,1,1,0,4,0,20,5,91,4,1,5,1,2,0,0,2,1,0,0,0,0,4,9,2,2,4,1,0,0,1,0,0,0,0,0,1,0,1,1,0
policy,275,46,46,33,41,19,26,9,28,28,22,8,25,13,8,11,8,4,4,15,2,5,4,10,6,2,13,6,6,2,11,4,10,12,3,4,0,3,2,6,6,2,1,7,0,9,4,4,3,2,4,6,0,5,2,2,1,1,0,6,1,6,0,3,20,3,3,0,3,2,1,3,10,7,2,2,7,2,0,1,1,2,1,7,1,1,0,2,2,0,2,0,2,0,0,3,1,2,4,1
senate,262,134,15,36,54,46,10,4,10,15,5,15,2,10,6,12,3,6,0,1,47,11,13,3,8,4,2,10,3,42,6,3,1,5,2,1,0,7,28,0,1,1,4,0,3,0,4,2,1,0,1,5,1,0,4,2,3,0,4,2,2,5,3,1,0,24,1,8,3,2,1,1,0,3,0,2,7,2,0,0,1,1,5,3,1,0,21,2,0,0,1,0,1,1,3,0,0,3,2,0
union,274,91,237,74,23,39,256,25,15,17,10,5,14,6,25,6,8,4,0,1,0,12,2,0,3,2,32,1,3,0,0,2,5,5,256,4,9,5,5,1,3,3,4,4,1,0,2,6,0,9,2,3,3,3,1,1,2,5,4,6,0,3,0,0,0,0,6,0,3,1,2,22,4,0,0,19,1,0,0,1,1,0,0,0,2,4,1,1,3,0,1,64,0,0,1,0,0,77,2,0
final,277,78,90,97,34,42,104,32,13,13,6,14,14,7,24,6,8,8,1,5,3,11,29,3,2,29,43,1,2,1,3,3,0,5,81,5,6,13,3,3,6,4,3,1,9,0,2,7,5,7,5,8,3,2,0,2,11,4,2,1,4,2,2,2,0,0,4,1,55,2,7,17,7,0,2,3,1,1,0,0,0,2,3,2,3,0,2,0,4,0,0,25,0,1,2,3,77,0,0,0
war,269,88,56,48,72,25,47,13,22,15,33,13,6,17,14,12,3,9,12,2,5,4,1,6,2,0,9,9,7,1,18,4,6,11,9,4,1,4,4,27,11,1,3,11,0,4,18,8,0,1,0,7,2,3,14,3,1,0,1,7,7,3,0,0,9,1,1,0,2,1,0,2,6,2,11,4,5,2,8,2,2,4,0,0,3,5,0,1,1,1,9,3,8,1,4,2,2,0,0,1
orlando,271,90,24,38,50,39,57,30,9,20,8,18,18,1,4,26,6,10,12,3,0,4,3,4,15,4,2,1,11,0,4,20,8,8,0,2,0,4,0,9,7,0,12,3,0,0,0,4,2,3,3,0,0,9,7,4,0,8,4,1,0,14,10,0,0,0,1,0,0,0,1,3,0,0,0,0,19,0,0,3,3,3,0,0,2,1,1,18,0,0,26,2,1,0,1,0,0,0,1,0
